{"data_time": 0.008100415499995961, "eta_seconds": 37.41294468000433, "fast_rcnn/cls_accuracy": 0.71875, "fast_rcnn/false_negative": 0.96875, "fast_rcnn/fg_cls_accuracy": 0.0, "iteration": 19, "loss_box_reg": 0.5951224267482758, "loss_cls": 2.2081856727600098, "loss_mask": 0.6860501170158386, "loss_rpn_cls": 0.01838466990739107, "loss_rpn_loc": 0.009562800638377666, "lr": 0.000477025, "mask_rcnn/accuracy": 0.6623419476486246, "mask_rcnn/false_negative": 0.34486585490264665, "mask_rcnn/false_positive": 0.42556257611346987, "roi_head/num_bg_samples": 105.25, "roi_head/num_fg_samples": 22.75, "rpn/num_neg_anchors": 243.5, "rpn/num_pos_anchors": 12.5, "time": 0.4676618085000541, "total_loss": 3.5550464750267565}
{"data_time": 0.01586954249989958, "eta_seconds": 28.049473589999252, "fast_rcnn/cls_accuracy": 0.802734375, "fast_rcnn/false_negative": 1.0, "fast_rcnn/fg_cls_accuracy": 0.0, "iteration": 39, "loss_box_reg": 0.6248383522033691, "loss_cls": 0.8361770212650299, "loss_mask": 0.5271482765674591, "loss_rpn_cls": 0.020077427849173546, "loss_rpn_loc": 0.011223306879401207, "lr": 0.000976525, "mask_rcnn/accuracy": 0.8224616018282312, "mask_rcnn/false_negative": 0.008012447988274577, "mask_rcnn/false_positive": 0.3580539436718255, "roi_head/num_bg_samples": 102.75, "roi_head/num_fg_samples": 25.25, "rpn/num_neg_anchors": 242.25, "rpn/num_pos_anchors": 13.75, "time": 0.46749122649998753, "total_loss": 1.9873209330253303}
{"data_time": 0.006959732500035898, "eta_seconds": 18.874204400001418, "fast_rcnn/cls_accuracy": 0.822265625, "fast_rcnn/false_negative": 0.9832589285714286, "fast_rcnn/fg_cls_accuracy": 0.0078125, "iteration": 59, "loss_box_reg": 0.6428334712982178, "loss_cls": 0.6350688338279724, "loss_mask": 0.33136533200740814, "loss_rpn_cls": 0.008326190058141947, "loss_rpn_loc": 0.009833938907831907, "lr": 0.001476025, "mask_rcnn/accuracy": 0.8920476651745604, "mask_rcnn/false_negative": 0.006850852022901446, "mask_rcnn/false_positive": 0.29456011423131845, "roi_head/num_bg_samples": 103.5, "roi_head/num_fg_samples": 24.5, "rpn/num_neg_anchors": 245.5, "rpn/num_pos_anchors": 10.5, "time": 0.48264008600006036, "total_loss": 1.580157714546658}
{"data_time": 0.007374047999974209, "eta_seconds": 9.309056189999865, "fast_rcnn/cls_accuracy": 0.853515625, "fast_rcnn/false_negative": 0.6786600496277916, "fast_rcnn/fg_cls_accuracy": 0.23246844319775595, "iteration": 79, "loss_box_reg": 0.5664934813976288, "loss_cls": 0.47539089620113373, "loss_mask": 0.1895511969923973, "loss_rpn_cls": 0.005611866246908903, "loss_rpn_loc": 0.010417578741908073, "lr": 0.001975525, "mask_rcnn/accuracy": 0.9333892210730446, "mask_rcnn/false_negative": 0.0277826259249992, "mask_rcnn/false_positive": 0.1002086266910304, "roi_head/num_bg_samples": 103.75, "roi_head/num_fg_samples": 24.25, "rpn/num_neg_anchors": 244.0, "rpn/num_pos_anchors": 12.0, "time": 0.4628754455000035, "total_loss": 1.2401925050924092}
{"data_time": 0.006265887000040493, "eta_seconds": 0.0, "fast_rcnn/cls_accuracy": 0.880859375, "fast_rcnn/false_negative": 0.20081719128329298, "fast_rcnn/fg_cls_accuracy": 0.6298076923076923, "iteration": 99, "loss_box_reg": 0.5771681070327759, "loss_cls": 0.3250706344842911, "loss_mask": 0.15476012974977493, "loss_rpn_cls": 0.0022634263150393963, "loss_rpn_loc": 0.010823850519955158, "lr": 0.002475025, "mask_rcnn/accuracy": 0.9379185267857143, "mask_rcnn/false_negative": 0.04451545284994765, "mask_rcnn/false_positive": 0.08657199079885178, "roi_head/num_bg_samples": 99.25, "roi_head/num_fg_samples": 28.75, "rpn/num_neg_anchors": 244.5, "rpn/num_pos_anchors": 11.5, "time": 0.4968094490000112, "total_loss": 1.0752339283935726}
